customer_id,signup_date,true_lifetime_days
C00000,2025-08-22,204
C00001,2025-03-07,365
C00002,2025-08-18,48
C00003,2025-09-22,84
C00004,2025-05-28,113
C00005,2025-11-12,120
C00006,2025-08-22,117
C00007,2025-08-03,321
C00008,2025-05-02,209
C00009,2025-01-06,172
C00010,2025-09-06,92
C00011,2025-08-25,260
C00012,2025-07-04,365
C00013,2025-07-25,258
C00014,2025-07-06,30
C00015,2025-01-28,181
C00016,2025-03-20,30
C00017,2025-02-12,80
C00018,2025-05-25,30
C00019,2025-03-01,170
C00020,2025-06-25,198
C00021,2025-01-23,44
C00022,2025-11-11,110
C00023,2025-03-25,129
C00024,2025-04-11,107
C00025,2025-10-15,45
C00026,2025-10-05,119
C00027,2025-06-16,224
C00028,2025-05-29,31
C00029,2025-03-07,34
C00030,2025-05-27,103
C00031,2025-06-11,361
C00032,2025-10-13,192
C00033,2025-10-09,195
C00034,2025-04-03,105
C00035,2025-01-17,167
C00036,2025-07-25,30
C00037,2025-01-30,181
C00038,2025-07-21,326
C00039,2025-11-12,173
C00040,2025-01-08,292
C00041,2025-06-19,213
C00042,2025-03-04,45
C00043,2025-09-05,316
C00044,2025-01-21,30
C00045,2025-11-19,150
C00046,2025-04-05,51
C00047,2025-03-13,30
C00048,2025-10-11,120
C00049,2025-09-02,89
C00050,2025-03-14,137
C00051,2025-10-29,162
C00052,2025-05-11,30
C00053,2025-09-13,46
C00054,2025-10-14,157
C00055,2025-12-01,101
C00056,2025-10-10,215
C00057,2025-08-19,186
C00058,2025-03-18,273
C00059,2025-01-27,200
C00060,2025-05-26,122
C00061,2025-04-29,193
C00062,2025-10-20,84
C00063,2025-06-24,92
C00064,2025-05-15,241
C00065,2025-03-08,126
C00066,2025-02-02,246
C00067,2025-03-07,259
C00068,2025-05-02,280
C00069,2025-03-26,330
C00070,2025-05-27,122
C00071,2025-02-10,95
C00072,2025-05-04,164
C00073,2025-05-09,107
C00074,2025-04-10,170
C00075,2025-10-11,205
C00076,2025-02-26,199
C00077,2025-04-30,108
C00078,2025-03-26,57
C00079,2025-05-29,122
C00080,2025-10-23,51
C00081,2025-06-29,305
C00082,2025-11-18,101
C00083,2025-02-05,54
C00084,2025-09-29,30
C00085,2025-01-10,184
C00086,2025-11-24,181
C00087,2025-07-27,100
C00088,2025-07-20,31
C00089,2025-10-01,117
C00090,2025-07-17,93
C00091,2025-09-13,195
C00092,2025-06-23,171
C00093,2025-02-17,106
C00094,2025-03-17,70
C00095,2025-04-16,365
C00096,2025-10-23,128
C00097,2025-11-05,199
C00098,2025-07-21,51
C00099,2025-05-16,137
C00100,2025-01-09,30
C00101,2025-03-10,142
C00102,2025-10-31,365
C00103,2025-10-16,111
C00104,2025-10-02,30
C00105,2025-05-01,30
C00106,2025-02-13,112
C00107,2025-08-26,56
C00108,2025-06-14,30
C00109,2025-05-03,226
C00110,2025-10-29,129
C00111,2025-04-20,87
C00112,2025-08-24,313
C00113,2025-07-25,44
C00114,2025-03-21,365
C00115,2025-11-28,93
C00116,2025-04-29,303
C00117,2025-03-23,170
C00118,2025-02-23,261
C00119,2025-05-10,365
C00120,2025-11-18,87
C00121,2025-10-22,365
C00122,2025-06-07,112
C00123,2025-10-01,111
C00124,2025-04-16,100
C00125,2025-04-06,152
C00126,2025-10-12,54
C00127,2025-08-29,155
C00128,2025-04-25,152
C00129,2025-04-16,229
C00130,2025-04-10,265
C00131,2025-07-13,125
C00132,2025-06-15,91
C00133,2025-11-04,80
C00134,2025-10-28,64
C00135,2025-11-20,30
C00136,2025-06-26,100
C00137,2025-01-10,83
C00138,2025-05-30,365
C00139,2025-04-04,157
C00140,2025-09-08,102
C00141,2025-02-22,163
C00142,2025-09-28,50
C00143,2025-06-16,126
C00144,2025-10-19,178
C00145,2025-10-02,137
C00146,2025-07-22,115
C00147,2025-02-22,365
C00148,2025-11-05,297
C00149,2025-08-17,177
C00150,2025-10-20,160
C00151,2025-02-20,176
C00152,2025-01-06,66
C00153,2025-07-28,113
C00154,2025-04-16,30
C00155,2025-05-27,134
C00156,2025-04-22,152
C00157,2025-02-23,73
C00158,2025-08-04,365
C00159,2025-08-09,322
C00160,2025-04-14,212
C00161,2025-03-19,150
C00162,2025-05-19,289
C00163,2025-07-19,48
C00164,2025-01-19,242
C00165,2025-06-21,46
C00166,2025-04-22,244
C00167,2025-01-30,84
C00168,2025-04-13,294
C00169,2025-06-14,364
C00170,2025-07-04,53
C00171,2025-01-22,131
C00172,2025-06-26,365
C00173,2025-08-29,136
C00174,2025-04-14,284
C00175,2025-06-06,166
C00176,2025-08-12,108
C00177,2025-01-19,87
C00178,2025-10-12,67
C00179,2025-03-10,228
C00180,2025-02-11,111
C00181,2025-08-12,144
C00182,2025-08-24,138
C00183,2025-08-12,162
C00184,2025-09-13,286
C00185,2025-05-30,365
C00186,2025-08-12,116
C00187,2025-12-01,262
C00188,2025-07-26,230
C00189,2025-04-27,161
C00190,2025-10-10,365
C00191,2025-04-23,66
C00192,2025-04-22,42
C00193,2025-07-30,278
C00194,2025-07-26,124
C00195,2025-10-11,273
C00196,2025-06-14,307
C00197,2025-04-29,30
C00198,2025-06-26,299
C00199,2025-05-19,127
C00200,2025-03-31,143
C00201,2025-01-13,178
C00202,2025-05-14,341
C00203,2025-06-02,30
C00204,2025-08-02,134
C00205,2025-03-23,199
C00206,2025-02-12,212
C00207,2025-02-26,200
C00208,2025-01-12,49
C00209,2025-08-27,90
C00210,2025-05-19,104
C00211,2025-04-07,249
C00212,2025-07-12,85
C00213,2025-08-28,68
C00214,2025-05-16,365
C00215,2025-08-01,30
C00216,2025-05-30,365
C00217,2025-01-11,195
C00218,2025-03-19,262
C00219,2025-07-08,89
C00220,2025-03-26,30
C00221,2025-07-09,218
C00222,2025-07-08,266
C00223,2025-05-18,219
C00224,2025-01-29,51
C00225,2025-07-28,225
C00226,2025-10-25,232
C00227,2025-07-27,188
C00228,2025-03-11,230
C00229,2025-07-05,273
C00230,2025-02-08,174
C00231,2025-08-26,36
C00232,2025-03-15,137
C00233,2025-03-26,33
C00234,2025-07-12,116
C00235,2025-08-13,116
C00236,2025-10-04,30
C00237,2025-12-01,102
C00238,2025-02-02,43
C00239,2025-03-24,251
C00240,2025-07-16,365
C00241,2025-10-27,32
C00242,2025-06-26,365
C00243,2025-11-24,147
C00244,2025-04-14,90
C00245,2025-08-26,33
C00246,2025-07-09,141
C00247,2025-02-02,244
C00248,2025-05-09,206
C00249,2025-07-25,30
C00250,2025-07-04,32
C00251,2025-10-10,115
C00252,2025-08-05,89
C00253,2025-06-25,74
C00254,2025-08-09,85
C00255,2025-09-19,248
C00256,2025-08-12,344
C00257,2025-08-21,116
C00258,2025-03-24,319
C00259,2025-04-20,95
C00260,2025-08-13,134
C00261,2025-08-26,72
C00262,2025-07-03,182
C00263,2025-05-23,365
C00264,2025-01-27,170
C00265,2025-06-23,104
C00266,2025-05-09,185
C00267,2025-06-17,46
C00268,2025-06-25,304
C00269,2025-09-26,141
C00270,2025-02-17,127
C00271,2025-03-01,165
C00272,2025-02-02,177
C00273,2025-07-21,31
C00274,2025-05-22,197
C00275,2025-07-28,76
C00276,2025-10-31,209
C00277,2025-06-10,259
C00278,2025-11-11,249
C00279,2025-04-09,155
C00280,2025-06-28,146
C00281,2025-10-26,51
C00282,2025-04-17,235
C00283,2025-10-13,83
C00284,2025-03-14,140
C00285,2025-02-23,86
C00286,2025-11-06,49
C00287,2025-04-21,179
C00288,2025-03-01,30
C00289,2025-02-20,223
C00290,2025-08-28,94
C00291,2025-02-22,30
C00292,2025-01-20,144
C00293,2025-02-02,30
C00294,2025-07-09,84
C00295,2025-11-29,206
C00296,2025-10-29,30
C00297,2025-05-25,269
C00298,2025-10-15,30
C00299,2025-11-16,77
C00300,2025-06-14,219
C00301,2025-04-27,94
C00302,2025-06-28,40
C00303,2025-10-18,105
C00304,2025-11-27,83
C00305,2025-08-26,271
C00306,2025-04-14,93
C00307,2025-10-27,241
C00308,2025-02-26,306
C00309,2025-02-04,123
C00310,2025-06-05,323
C00311,2025-08-30,109
C00312,2025-08-26,365
C00313,2025-05-29,37
C00314,2025-08-09,198
C00315,2025-05-26,139
C00316,2025-03-25,111
C00317,2025-06-25,180
C00318,2025-03-22,205
C00319,2025-01-14,30
C00320,2025-07-28,57
C00321,2025-11-15,208
C00322,2025-02-25,191
C00323,2025-04-24,365
C00324,2025-10-10,228
C00325,2025-10-06,365
C00326,2025-01-14,204
C00327,2025-06-12,90
C00328,2025-02-26,41
C00329,2025-08-11,238
C00330,2025-02-18,183
C00331,2025-07-05,30
C00332,2025-07-29,105
C00333,2025-07-01,365
C00334,2025-03-05,141
C00335,2025-08-21,123
C00336,2025-02-07,129
C00337,2025-04-01,68
C00338,2025-06-10,107
C00339,2025-10-25,107
C00340,2025-06-16,30
C00341,2025-03-31,231
C00342,2025-11-07,119
C00343,2025-01-31,259
C00344,2025-11-20,276
C00345,2025-01-21,69
C00346,2025-01-24,188
C00347,2025-10-28,133
C00348,2025-06-13,297
C00349,2025-11-13,70
C00350,2025-01-16,195
C00351,2025-03-14,172
C00352,2025-07-14,89
C00353,2025-07-13,50
C00354,2025-09-02,186
C00355,2025-01-15,218
C00356,2025-02-18,94
C00357,2025-05-02,184
C00358,2025-10-13,113
C00359,2025-07-03,208
C00360,2025-05-31,66
C00361,2025-10-01,305
C00362,2025-05-27,87
C00363,2025-07-31,107
C00364,2025-07-06,30
C00365,2025-01-23,43
C00366,2025-10-06,145
C00367,2025-02-01,82
C00368,2025-06-06,266
C00369,2025-06-16,30
C00370,2025-01-11,109
C00371,2025-03-07,99
C00372,2025-10-10,30
C00373,2025-08-24,46
C00374,2025-03-14,118
C00375,2025-10-11,139
C00376,2025-10-04,116
C00377,2025-08-17,149
C00378,2025-11-28,168
C00379,2025-08-22,30
C00380,2025-05-21,131
C00381,2025-03-16,365
C00382,2025-10-17,146
C00383,2025-01-26,195
C00384,2025-01-29,93
C00385,2025-07-12,234
C00386,2025-03-09,234
C00387,2025-08-01,146
C00388,2025-08-19,365
C00389,2025-06-28,47
C00390,2025-07-09,30
C00391,2025-07-11,232
C00392,2025-08-05,250
C00393,2025-01-18,45
C00394,2025-03-03,82
C00395,2025-09-02,30
C00396,2025-10-06,88
C00397,2025-04-18,234
C00398,2025-08-08,145
C00399,2025-01-19,102
C00400,2025-02-27,108
C00401,2025-07-29,30
C00402,2025-07-27,90
C00403,2025-10-06,184
C00404,2025-08-03,365
C00405,2025-12-02,273
C00406,2025-04-08,30
C00407,2025-02-16,312
C00408,2025-08-29,238
C00409,2025-07-30,237
C00410,2025-08-07,129
C00411,2025-10-16,114
C00412,2025-09-05,91
C00413,2025-04-10,30
C00414,2025-03-06,73
C00415,2025-05-28,77
C00416,2025-05-25,136
C00417,2025-09-25,222
C00418,2025-02-28,133
C00419,2025-03-31,30
C00420,2025-09-18,365
C00421,2025-07-02,362
C00422,2025-07-12,239
C00423,2025-09-08,365
C00424,2025-06-01,153
C00425,2025-02-21,365
C00426,2025-04-27,33
C00427,2025-09-25,106
C00428,2025-10-17,72
C00429,2025-08-31,65
C00430,2025-04-09,51
C00431,2025-05-13,176
C00432,2025-04-29,237
C00433,2025-10-25,163
C00434,2025-08-25,52
C00435,2025-02-17,253
C00436,2025-03-24,181
C00437,2025-04-25,112
C00438,2025-11-10,194
C00439,2025-03-28,80
C00440,2025-11-23,101
C00441,2025-04-01,331
C00442,2025-01-12,88
C00443,2025-08-25,132
C00444,2025-02-16,305
C00445,2025-06-06,206
C00446,2025-04-24,30
C00447,2025-03-28,52
C00448,2025-07-09,30
C00449,2025-08-29,179
C00450,2025-03-21,127
C00451,2025-01-12,49
C00452,2025-11-29,365
C00453,2025-11-17,149
C00454,2025-02-26,76
C00455,2025-03-31,141
C00456,2025-03-20,196
C00457,2025-06-26,33
C00458,2025-07-04,84
C00459,2025-06-08,250
C00460,2025-06-23,130
C00461,2025-10-31,153
C00462,2025-06-07,123
C00463,2025-08-24,30
C00464,2025-03-10,57
C00465,2025-01-14,126
C00466,2025-09-29,68
C00467,2025-06-18,30
C00468,2025-01-07,271
C00469,2025-10-21,365
C00470,2025-10-20,243
C00471,2025-02-21,278
C00472,2025-11-21,76
C00473,2025-08-30,365
C00474,2025-02-04,65
C00475,2025-03-25,365
C00476,2025-04-05,365
C00477,2025-10-29,208
C00478,2025-05-02,365
C00479,2025-09-04,160
C00480,2025-03-14,80
C00481,2025-09-01,124
C00482,2025-09-04,167
C00483,2025-08-10,32
C00484,2025-08-20,176
C00485,2025-05-21,365
C00486,2025-01-23,63
C00487,2025-08-11,243
C00488,2025-09-19,321
C00489,2025-04-30,364
C00490,2025-03-01,365
C00491,2025-03-29,146
C00492,2025-06-22,365
C00493,2025-05-25,226
C00494,2025-04-20,56
C00495,2025-06-09,134
C00496,2025-08-26,210
C00497,2025-10-28,77
C00498,2025-08-29,182
C00499,2025-07-04,191
C00500,2025-07-05,56
C00501,2025-05-27,159
C00502,2025-04-23,233
C00503,2025-10-27,140
C00504,2025-03-10,30
C00505,2025-06-03,30
C00506,2025-11-20,104
C00507,2025-02-27,340
C00508,2025-04-30,73
C00509,2025-02-20,180
C00510,2025-03-05,71
C00511,2025-10-02,95
C00512,2025-09-10,274
C00513,2025-04-30,214
C00514,2025-05-30,38
C00515,2025-11-14,122
C00516,2025-06-09,30
C00517,2025-08-25,135
C00518,2025-04-14,190
C00519,2025-09-18,45
C00520,2025-03-13,87
C00521,2025-02-22,114
C00522,2025-05-11,333
C00523,2025-04-24,365
C00524,2025-10-12,30
C00525,2025-07-12,228
C00526,2025-09-25,108
C00527,2025-08-26,113
C00528,2025-11-08,225
C00529,2025-10-11,332
C00530,2025-07-05,365
C00531,2025-07-12,162
C00532,2025-10-07,104
C00533,2025-10-25,240
C00534,2025-08-16,78
C00535,2025-06-05,159
C00536,2025-10-22,104
C00537,2025-05-31,188
C00538,2025-04-24,76
C00539,2025-08-03,64
C00540,2025-07-23,331
C00541,2025-06-23,40
C00542,2025-05-02,142
C00543,2025-04-26,71
C00544,2025-04-12,30
C00545,2025-01-06,30
C00546,2025-07-10,60
C00547,2025-04-08,287
C00548,2025-09-18,86
C00549,2025-11-24,365
C00550,2025-09-20,164
C00551,2025-03-25,124
C00552,2025-04-17,163
C00553,2025-11-26,145
C00554,2025-06-12,227
C00555,2025-07-15,86
C00556,2025-06-18,103
C00557,2025-06-16,308
C00558,2025-02-23,365
C00559,2025-08-03,307
C00560,2025-05-23,119
C00561,2025-11-28,237
C00562,2025-11-04,134
C00563,2025-06-21,140
C00564,2025-07-20,67
C00565,2025-01-16,167
C00566,2025-07-11,62
C00567,2025-01-10,98
C00568,2025-04-30,279
C00569,2025-02-05,67
C00570,2025-07-24,31
C00571,2025-02-14,31
C00572,2025-09-24,359
C00573,2025-03-26,142
C00574,2025-03-03,117
C00575,2025-06-04,252
C00576,2025-06-19,267
C00577,2025-09-03,98
C00578,2025-05-15,201
C00579,2025-11-14,233
C00580,2025-10-25,187
C00581,2025-07-30,54
C00582,2025-06-13,293
C00583,2025-07-15,151
C00584,2025-04-05,86
C00585,2025-04-27,121
C00586,2025-07-30,30
C00587,2025-10-06,47
C00588,2025-07-08,230
C00589,2025-01-20,30
C00590,2025-12-02,119
C00591,2025-05-27,147
C00592,2025-05-26,30
C00593,2025-01-25,365
C00594,2025-08-08,72
C00595,2025-07-22,91
C00596,2025-10-06,91
C00597,2025-10-20,73
C00598,2025-06-13,30
C00599,2025-06-26,215
C00600,2025-06-13,365
C00601,2025-01-20,72
C00602,2025-02-03,190
C00603,2025-07-07,220
C00604,2025-09-14,274
C00605,2025-05-04,120
C00606,2025-05-14,91
C00607,2025-03-26,96
C00608,2025-04-18,208
C00609,2025-06-22,256
C00610,2025-04-20,61
C00611,2025-07-09,107
C00612,2025-11-13,315
C00613,2025-10-17,250
C00614,2025-04-14,365
C00615,2025-02-01,225
C00616,2025-11-19,113
C00617,2025-07-13,166
C00618,2025-12-02,189
C00619,2025-10-10,33
C00620,2025-03-19,153
C00621,2025-07-12,207
C00622,2025-11-21,58
C00623,2025-01-07,237
C00624,2025-04-23,164
C00625,2025-03-06,365
C00626,2025-06-30,30
C00627,2025-11-25,82
C00628,2025-08-03,170
C00629,2025-06-22,89
C00630,2025-09-04,209
C00631,2025-07-20,227
C00632,2025-05-31,40
C00633,2025-01-21,144
C00634,2025-06-08,143
C00635,2025-11-05,107
C00636,2025-04-27,349
C00637,2025-10-23,262
C00638,2025-04-19,202
C00639,2025-05-25,209
C00640,2025-07-11,130
C00641,2025-05-16,334
C00642,2025-05-05,201
C00643,2025-04-27,215
C00644,2025-04-07,283
C00645,2025-10-18,84
C00646,2025-10-29,250
C00647,2025-03-25,65
C00648,2025-09-12,101
C00649,2025-03-22,99
C00650,2025-05-20,365
C00651,2025-02-03,280
C00652,2025-11-23,204
C00653,2025-01-25,214
C00654,2025-02-20,158
C00655,2025-04-05,365
C00656,2025-03-27,139
C00657,2025-11-28,110
C00658,2025-08-06,56
C00659,2025-02-17,240
C00660,2025-09-29,217
C00661,2025-07-10,111
C00662,2025-04-23,30
C00663,2025-04-08,268
C00664,2025-06-09,30
C00665,2025-03-11,205
C00666,2025-02-24,365
C00667,2025-10-01,124
C00668,2025-04-30,74
C00669,2025-01-22,205
C00670,2025-02-23,256
C00671,2025-06-09,153
C00672,2025-08-27,365
C00673,2025-08-20,30
C00674,2025-08-26,142
C00675,2025-01-26,210
C00676,2025-11-27,284
C00677,2025-05-20,61
C00678,2025-07-23,247
C00679,2025-03-19,155
C00680,2025-11-10,114
C00681,2025-10-11,48
C00682,2025-06-21,286
C00683,2025-05-15,55
C00684,2025-09-11,92
C00685,2025-07-11,88
C00686,2025-09-09,290
C00687,2025-09-16,193
C00688,2025-12-02,245
C00689,2025-10-13,78
C00690,2025-06-13,177
C00691,2025-05-12,161
C00692,2025-03-18,265
C00693,2025-02-18,319
C00694,2025-10-30,30
C00695,2025-08-30,194
C00696,2025-09-22,30
C00697,2025-10-25,154
C00698,2025-07-02,87
C00699,2025-03-28,92
C00700,2025-06-24,103
C00701,2025-08-07,176
C00702,2025-03-19,98
C00703,2025-01-31,216
C00704,2025-03-10,116
C00705,2025-10-10,30
C00706,2025-04-11,239
C00707,2025-04-25,87
C00708,2025-03-27,123
C00709,2025-01-24,198
C00710,2025-08-13,98
C00711,2025-03-23,30
C00712,2025-02-03,108
C00713,2025-05-10,365
C00714,2025-04-18,183
C00715,2025-09-28,193
C00716,2025-09-19,180
C00717,2025-08-22,65
C00718,2025-05-25,119
C00719,2025-03-26,224
C00720,2025-04-21,40
C00721,2025-02-12,85
C00722,2025-01-31,84
C00723,2025-08-27,123
C00724,2025-02-20,365
C00725,2025-01-02,30
C00726,2025-01-29,146
C00727,2025-03-29,61
C00728,2025-06-20,365
C00729,2025-01-02,43
C00730,2025-11-03,115
C00731,2025-03-31,218
C00732,2025-08-19,205
C00733,2025-10-13,120
C00734,2025-09-13,101
C00735,2025-07-23,114
C00736,2025-02-21,81
C00737,2025-07-18,67
C00738,2025-06-02,136
C00739,2025-01-07,82
C00740,2025-03-05,87
C00741,2025-09-25,188
C00742,2025-10-30,365
C00743,2025-03-16,170
C00744,2025-10-11,33
C00745,2025-05-12,33
C00746,2025-07-30,365
C00747,2025-04-12,89
C00748,2025-10-21,37
C00749,2025-04-07,169
C00750,2025-08-14,177
C00751,2025-03-29,185
C00752,2025-07-05,82
C00753,2025-06-03,30
C00754,2025-08-30,365
C00755,2025-11-25,78
C00756,2025-06-02,194
C00757,2025-02-25,206
C00758,2025-05-22,172
C00759,2025-05-22,93
C00760,2025-07-01,83
C00761,2025-09-01,169
C00762,2025-06-26,286
C00763,2025-10-03,365
C00764,2025-08-03,41
C00765,2025-10-13,54
C00766,2025-03-01,365
C00767,2025-11-28,218
C00768,2025-09-02,299
C00769,2025-06-16,66
C00770,2025-01-20,166
C00771,2025-11-11,204
C00772,2025-01-11,196
C00773,2025-12-02,117
C00774,2025-07-23,30
C00775,2025-04-14,164
C00776,2025-11-21,79
C00777,2025-10-18,127
C00778,2025-10-30,365
C00779,2025-09-16,114
C00780,2025-04-29,269
C00781,2025-02-05,63
C00782,2025-09-21,193
C00783,2025-02-24,365
C00784,2025-03-29,40
C00785,2025-10-17,30
C00786,2025-08-04,123
C00787,2025-05-03,38
C00788,2025-04-08,223
C00789,2025-10-08,327
C00790,2025-08-18,123
C00791,2025-01-18,80
C00792,2025-10-16,123
C00793,2025-10-03,212
C00794,2025-11-07,30
C00795,2025-02-14,166
C00796,2025-03-21,173
C00797,2025-11-25,181
C00798,2025-08-12,76
C00799,2025-03-25,209
C00800,2025-06-06,37
C00801,2025-05-10,66
C00802,2025-02-03,295
C00803,2025-07-29,219
C00804,2025-10-08,30
C00805,2025-05-03,78
C00806,2025-11-19,69
C00807,2025-11-05,83
C00808,2025-09-16,77
C00809,2025-05-01,30
C00810,2025-07-02,130
C00811,2025-11-19,216
C00812,2025-05-30,171
C00813,2025-01-25,193
C00814,2025-11-26,34
C00815,2025-11-30,365
C00816,2025-08-14,268
C00817,2025-04-09,249
C00818,2025-04-08,259
C00819,2025-03-04,348
C00820,2025-02-12,153
C00821,2025-04-20,66
C00822,2025-11-18,175
C00823,2025-05-25,220
C00824,2025-08-06,218
C00825,2025-11-05,146
C00826,2025-05-15,30
C00827,2025-10-25,107
C00828,2025-03-05,334
C00829,2025-04-16,165
C00830,2025-09-08,151
C00831,2025-07-30,83
C00832,2025-02-06,107
C00833,2025-11-08,309
C00834,2025-07-11,191
C00835,2025-11-20,240
C00836,2025-05-05,128
C00837,2025-11-08,179
C00838,2025-09-26,78
C00839,2025-09-27,205
C00840,2025-04-14,121
C00841,2025-08-16,125
C00842,2025-07-10,185
C00843,2025-08-14,353
C00844,2025-04-19,30
C00845,2025-08-14,260
C00846,2025-10-30,88
C00847,2025-08-14,126
C00848,2025-03-14,30
C00849,2025-04-11,90
C00850,2025-09-11,141
C00851,2025-10-22,30
C00852,2025-08-24,138
C00853,2025-11-27,341
C00854,2025-06-06,41
C00855,2025-02-24,230
C00856,2025-01-17,117
C00857,2025-04-21,187
C00858,2025-01-22,80
C00859,2025-04-18,56
C00860,2025-02-17,56
C00861,2025-07-06,31
C00862,2025-03-01,62
C00863,2025-05-19,190
C00864,2025-09-24,298
C00865,2025-08-13,254
C00866,2025-11-29,198
C00867,2025-01-06,43
C00868,2025-01-19,87
C00869,2025-08-30,92
C00870,2025-07-04,78
C00871,2025-01-26,145
C00872,2025-07-19,150
C00873,2025-03-31,104
C00874,2025-04-04,103
C00875,2025-11-02,262
C00876,2025-10-24,241
C00877,2025-04-18,92
C00878,2025-10-28,327
C00879,2025-04-24,365
C00880,2025-11-27,97
C00881,2025-01-15,103
C00882,2025-04-27,142
C00883,2025-09-19,360
C00884,2025-11-29,294
C00885,2025-01-02,40
C00886,2025-07-22,113
C00887,2025-08-07,155
C00888,2025-08-31,141
C00889,2025-10-02,64
C00890,2025-05-23,281
C00891,2025-01-02,195
C00892,2025-05-14,268
C00893,2025-11-07,281
C00894,2025-06-13,223
C00895,2025-02-06,124
C00896,2025-07-23,173
C00897,2025-01-11,56
C00898,2025-08-07,194
C00899,2025-01-13,61
C00900,2025-03-03,201
C00901,2025-05-05,73
C00902,2025-04-22,45
C00903,2025-11-13,57
C00904,2025-08-12,30
C00905,2025-07-16,210
C00906,2025-10-17,216
C00907,2025-12-02,145
C00908,2025-09-04,56
C00909,2025-07-14,35
C00910,2025-01-17,30
C00911,2025-10-26,57
C00912,2025-02-13,305
C00913,2025-07-17,76
C00914,2025-01-04,103
C00915,2025-03-19,41
C00916,2025-06-25,71
C00917,2025-06-08,146
C00918,2025-11-23,172
C00919,2025-03-17,77
C00920,2025-07-18,30
C00921,2025-06-14,112
C00922,2025-11-20,74
C00923,2025-06-18,71
C00924,2025-07-26,365
C00925,2025-09-10,174
C00926,2025-01-16,156
C00927,2025-01-18,118
C00928,2025-08-24,122
C00929,2025-01-08,152
C00930,2025-03-05,202
C00931,2025-03-13,204
C00932,2025-10-26,59
C00933,2025-08-31,141
C00934,2025-08-30,118
C00935,2025-02-01,289
C00936,2025-09-25,179
C00937,2025-01-19,149
C00938,2025-04-11,44
C00939,2025-01-03,171
C00940,2025-07-19,44
C00941,2025-09-18,99
C00942,2025-10-29,51
C00943,2025-12-02,200
C00944,2025-02-10,67
C00945,2025-01-17,112
C00946,2025-10-04,310
C00947,2025-01-17,67
C00948,2025-01-09,143
C00949,2025-03-11,119
C00950,2025-04-18,30
C00951,2025-03-08,243
C00952,2025-01-21,31
C00953,2025-02-20,134
C00954,2025-02-15,158
C00955,2025-05-04,178
C00956,2025-06-21,199
C00957,2025-11-28,79
C00958,2025-09-16,30
C00959,2025-10-02,212
C00960,2025-07-24,150
C00961,2025-09-05,267
C00962,2025-04-10,258
C00963,2025-10-22,271
C00964,2025-09-05,136
C00965,2025-02-10,98
C00966,2025-01-09,242
C00967,2025-02-11,128
C00968,2025-08-21,62
C00969,2025-11-19,279
C00970,2025-02-18,299
C00971,2025-06-07,131
C00972,2025-07-31,33
C00973,2025-11-10,111
C00974,2025-10-01,249
C00975,2025-07-13,315
C00976,2025-07-03,67
C00977,2025-07-11,30
C00978,2025-04-22,295
C00979,2025-01-28,112
C00980,2025-08-21,152
C00981,2025-08-21,365
C00982,2025-10-25,30
C00983,2025-05-19,185
C00984,2025-07-22,32
C00985,2025-09-27,108
C00986,2025-06-07,249
C00987,2025-10-22,123
C00988,2025-11-18,365
C00989,2025-08-14,157
C00990,2025-06-29,95
C00991,2025-02-17,71
C00992,2025-04-16,102
C00993,2025-06-29,108
C00994,2025-10-26,30
C00995,2025-08-28,107
C00996,2025-02-17,131
C00997,2025-03-24,212
C00998,2025-05-21,188
C00999,2025-09-08,207
C01000,2025-01-15,30
C01001,2025-11-23,70
C01002,2025-11-28,189
C01003,2025-08-02,136
C01004,2025-01-07,30
C01005,2025-08-07,249
C01006,2025-02-12,233
C01007,2025-06-27,154
C01008,2025-02-03,30
C01009,2025-04-19,231
C01010,2025-05-01,164
C01011,2025-06-02,238
C01012,2025-11-18,224
C01013,2025-06-29,248
C01014,2025-07-20,145
C01015,2025-03-17,51
C01016,2025-06-29,193
C01017,2025-10-17,176
C01018,2025-01-13,220
C01019,2025-01-05,58
C01020,2025-06-13,64
C01021,2025-07-26,305
C01022,2025-08-30,223
C01023,2025-08-10,321
C01024,2025-04-04,227
C01025,2025-02-14,168
C01026,2025-02-24,187
C01027,2025-02-07,304
C01028,2025-02-23,163
C01029,2025-09-25,180
C01030,2025-07-08,55
C01031,2025-11-22,133
C01032,2025-03-24,210
C01033,2025-01-07,83
C01034,2025-10-26,66
C01035,2025-07-22,93
C01036,2025-05-17,76
C01037,2025-11-10,69
C01038,2025-02-03,121
C01039,2025-02-04,321
C01040,2025-04-29,142
C01041,2025-07-15,63
C01042,2025-08-21,33
C01043,2025-05-07,202
C01044,2025-08-14,110
C01045,2025-08-21,258
C01046,2025-01-21,189
C01047,2025-06-15,245
C01048,2025-01-13,83
C01049,2025-07-23,200
C01050,2025-02-13,81
C01051,2025-01-09,357
C01052,2025-07-29,181
C01053,2025-08-19,96
C01054,2025-09-02,83
C01055,2025-02-19,63
C01056,2025-10-13,201
C01057,2025-11-04,70
C01058,2025-02-10,168
C01059,2025-02-09,81
C01060,2025-05-03,190
C01061,2025-03-11,255
C01062,2025-03-21,236
C01063,2025-02-04,228
C01064,2025-08-24,63
C01065,2025-08-15,36
C01066,2025-06-04,203
C01067,2025-01-24,107
C01068,2025-12-02,123
C01069,2025-01-18,30
C01070,2025-10-09,80
C01071,2025-07-07,30
C01072,2025-01-28,296
C01073,2025-07-19,76
C01074,2025-05-15,157
C01075,2025-01-24,30
C01076,2025-08-08,191
C01077,2025-07-02,96
C01078,2025-02-15,311
C01079,2025-10-01,303
C01080,2025-04-03,96
C01081,2025-11-08,314
C01082,2025-09-04,365
C01083,2025-09-19,260
C01084,2025-02-12,272
C01085,2025-05-07,78
C01086,2025-11-16,162
C01087,2025-07-28,30
C01088,2025-03-27,38
C01089,2025-06-07,365
C01090,2025-06-04,96
C01091,2025-07-04,223
C01092,2025-11-08,250
C01093,2025-06-06,281
C01094,2025-05-19,365
C01095,2025-06-25,76
C01096,2025-06-09,30
C01097,2025-02-21,117
C01098,2025-10-01,48
C01099,2025-07-06,30
C01100,2025-07-02,105
C01101,2025-06-30,239
C01102,2025-10-15,159
C01103,2025-09-10,93
C01104,2025-06-09,187
C01105,2025-07-08,74
C01106,2025-08-07,30
C01107,2025-10-01,230
C01108,2025-05-28,177
C01109,2025-10-15,229
C01110,2025-01-10,30
C01111,2025-03-21,267
C01112,2025-04-23,175
C01113,2025-07-15,158
C01114,2025-05-02,177
C01115,2025-05-06,285
C01116,2025-01-19,165
C01117,2025-11-01,164
C01118,2025-06-28,365
C01119,2025-02-21,226
C01120,2025-02-01,125
C01121,2025-02-20,206
C01122,2025-07-12,112
C01123,2025-11-14,73
C01124,2025-11-15,168
C01125,2025-03-21,343
C01126,2025-09-16,344
C01127,2025-06-11,100
C01128,2025-05-23,148
C01129,2025-08-12,69
C01130,2025-08-11,365
C01131,2025-04-25,365
C01132,2025-06-20,185
C01133,2025-01-18,249
C01134,2025-07-24,209
C01135,2025-03-14,167
C01136,2025-10-09,30
C01137,2025-07-25,128
C01138,2025-02-18,194
C01139,2025-03-12,195
C01140,2025-06-24,108
C01141,2025-09-07,361
C01142,2025-10-09,58
C01143,2025-02-18,141
C01144,2025-06-08,200
C01145,2025-11-25,202
C01146,2025-01-16,185
C01147,2025-01-24,84
C01148,2025-03-31,55
C01149,2025-01-14,181
C01150,2025-03-23,169
C01151,2025-01-09,61
C01152,2025-10-10,205
C01153,2025-03-29,129
C01154,2025-04-08,192
C01155,2025-04-18,267
C01156,2025-09-27,58
C01157,2025-10-13,30
C01158,2025-08-28,236
C01159,2025-09-02,172
C01160,2025-03-14,203
C01161,2025-02-15,268
C01162,2025-08-29,248
C01163,2025-09-06,365
C01164,2025-09-16,150
C01165,2025-02-18,137
C01166,2025-08-05,115
C01167,2025-02-04,54
C01168,2025-06-21,161
C01169,2025-06-04,84
C01170,2025-04-24,335
C01171,2025-01-26,164
C01172,2025-11-26,167
C01173,2025-01-07,103
C01174,2025-03-15,30
C01175,2025-06-25,30
C01176,2025-07-05,120
C01177,2025-09-09,35
C01178,2025-07-09,171
C01179,2025-08-13,297
C01180,2025-10-28,299
C01181,2025-02-21,189
C01182,2025-05-29,68
C01183,2025-09-12,284
C01184,2025-12-01,301
C01185,2025-02-03,65
C01186,2025-05-20,218
C01187,2025-11-22,87
C01188,2025-04-13,248
C01189,2025-05-22,365
C01190,2025-08-06,30
C01191,2025-11-13,311
C01192,2025-03-17,176
C01193,2025-02-13,365
C01194,2025-03-22,131
C01195,2025-04-25,274
C01196,2025-04-21,30
C01197,2025-10-11,99
C01198,2025-02-26,30
C01199,2025-09-13,365
C01200,2025-05-15,256
C01201,2025-06-28,277
C01202,2025-08-05,355
C01203,2025-10-05,35
C01204,2025-05-02,111
C01205,2025-07-28,31
C01206,2025-04-23,68
C01207,2025-05-08,73
C01208,2025-08-10,132
C01209,2025-05-08,82
C01210,2025-11-19,40
C01211,2025-11-24,58
C01212,2025-10-24,52
C01213,2025-04-10,365
C01214,2025-02-25,227
C01215,2025-05-16,365
C01216,2025-04-01,125
C01217,2025-02-28,85
C01218,2025-04-12,246
C01219,2025-11-29,96
C01220,2025-07-02,90
C01221,2025-11-04,74
C01222,2025-08-16,48
C01223,2025-08-27,80
C01224,2025-05-02,103
C01225,2025-02-13,194
C01226,2025-09-19,30
C01227,2025-01-11,68
C01228,2025-07-10,251
C01229,2025-07-28,52
C01230,2025-10-22,100
C01231,2025-10-23,285
C01232,2025-10-30,54
C01233,2025-11-16,35
C01234,2025-06-21,136
C01235,2025-07-03,91
C01236,2025-09-18,158
C01237,2025-09-07,249
C01238,2025-08-08,50
C01239,2025-11-06,163
C01240,2025-01-24,142
C01241,2025-02-19,52
C01242,2025-07-22,177
C01243,2025-04-28,84
C01244,2025-06-18,137
C01245,2025-08-27,35
C01246,2025-03-10,130
C01247,2025-04-10,92
C01248,2025-01-28,259
C01249,2025-06-13,30
C01250,2025-05-27,119
C01251,2025-08-03,129
C01252,2025-10-18,213
C01253,2025-09-30,162
C01254,2025-07-26,191
C01255,2025-01-27,235
C01256,2025-05-24,284
C01257,2025-01-30,93
C01258,2025-06-05,151
C01259,2025-02-14,269
C01260,2025-02-24,365
C01261,2025-11-04,304
C01262,2025-07-07,107
C01263,2025-03-11,65
C01264,2025-02-10,138
C01265,2025-11-22,220
C01266,2025-06-22,138
C01267,2025-08-12,136
C01268,2025-05-30,268
C01269,2025-02-11,105
C01270,2025-04-15,282
C01271,2025-04-20,116
C01272,2025-01-27,97
C01273,2025-08-27,128
C01274,2025-10-09,229
C01275,2025-08-14,47
C01276,2025-07-04,65
C01277,2025-04-01,365
C01278,2025-09-25,60
C01279,2025-01-25,160
C01280,2025-02-17,163
C01281,2025-03-28,138
C01282,2025-10-28,184
C01283,2025-04-08,73
C01284,2025-07-08,155
C01285,2025-04-20,108
C01286,2025-04-03,189
C01287,2025-05-16,51
C01288,2025-07-02,161
C01289,2025-09-21,62
C01290,2025-05-16,85
C01291,2025-02-10,70
C01292,2025-11-16,61
C01293,2025-07-27,261
C01294,2025-04-30,87
C01295,2025-10-03,342
C01296,2025-08-21,365
C01297,2025-10-22,161
C01298,2025-11-08,51
C01299,2025-10-25,108
C01300,2025-02-15,246
C01301,2025-07-25,106
C01302,2025-04-18,36
C01303,2025-08-17,156
C01304,2025-06-14,272
C01305,2025-08-23,245
C01306,2025-11-21,60
C01307,2025-03-03,193
C01308,2025-08-24,71
C01309,2025-10-20,70
C01310,2025-02-01,292
C01311,2025-11-16,78
C01312,2025-01-07,81
C01313,2025-10-07,30
C01314,2025-01-26,290
C01315,2025-02-03,243
C01316,2025-11-21,178
C01317,2025-01-19,223
C01318,2025-09-14,54
C01319,2025-05-01,129
C01320,2025-03-14,102
C01321,2025-07-07,38
C01322,2025-09-13,137
C01323,2025-05-02,334
C01324,2025-05-19,30
C01325,2025-05-17,88
C01326,2025-11-08,68
C01327,2025-09-05,75
C01328,2025-03-10,321
C01329,2025-07-13,132
C01330,2025-10-05,131
C01331,2025-11-07,228
C01332,2025-10-17,54
C01333,2025-02-18,137
C01334,2025-03-12,122
C01335,2025-11-17,168
C01336,2025-05-18,365
C01337,2025-02-24,232
C01338,2025-09-08,114
C01339,2025-03-28,262
C01340,2025-03-08,58
C01341,2025-01-02,30
C01342,2025-08-08,67
C01343,2025-11-26,100
C01344,2025-07-19,143
C01345,2025-06-10,174
C01346,2025-01-09,323
C01347,2025-01-22,143
C01348,2025-05-02,141
C01349,2025-09-12,30
C01350,2025-04-24,30
C01351,2025-08-22,155
C01352,2025-03-05,124
C01353,2025-11-19,269
C01354,2025-06-27,56
C01355,2025-07-04,30
C01356,2025-08-17,127
C01357,2025-05-29,75
C01358,2025-02-05,30
C01359,2025-08-27,213
C01360,2025-07-25,43
C01361,2025-02-13,172
C01362,2025-06-15,85
C01363,2025-06-03,59
C01364,2025-10-25,109
C01365,2025-11-18,247
C01366,2025-11-29,113
C01367,2025-05-07,224
C01368,2025-06-25,47
C01369,2025-11-17,233
C01370,2025-08-17,75
C01371,2025-01-26,195
C01372,2025-04-20,159
C01373,2025-06-16,344
C01374,2025-10-30,111
C01375,2025-03-27,30
C01376,2025-03-31,30
C01377,2025-03-09,261
C01378,2025-07-15,147
C01379,2025-03-04,235
C01380,2025-08-29,74
C01381,2025-04-20,101
C01382,2025-10-25,30
C01383,2025-02-04,365
C01384,2025-11-04,192
C01385,2025-01-19,349
C01386,2025-04-02,82
C01387,2025-04-11,173
C01388,2025-06-01,195
C01389,2025-03-06,94
C01390,2025-04-11,274
C01391,2025-04-08,365
C01392,2025-03-12,300
C01393,2025-09-29,219
C01394,2025-06-09,85
C01395,2025-11-30,86
C01396,2025-07-14,365
C01397,2025-06-28,30
C01398,2025-01-13,209
C01399,2025-07-10,206
C01400,2025-02-13,176
C01401,2025-07-03,365
C01402,2025-05-24,93
C01403,2025-09-21,100
C01404,2025-02-01,34
C01405,2025-07-16,125
C01406,2025-05-30,81
C01407,2025-02-13,101
C01408,2025-10-03,266
C01409,2025-05-19,352
C01410,2025-02-11,62
C01411,2025-01-18,108
C01412,2025-02-04,343
C01413,2025-11-22,30
C01414,2025-10-02,37
C01415,2025-01-04,56
C01416,2025-04-21,168
C01417,2025-07-03,53
C01418,2025-05-18,365
C01419,2025-10-12,126
C01420,2025-03-18,141
C01421,2025-10-05,77
C01422,2025-09-22,133
C01423,2025-07-08,189
C01424,2025-10-01,224
C01425,2025-01-27,225
C01426,2025-04-04,163
C01427,2025-01-07,317
C01428,2025-08-18,256
C01429,2025-04-21,226
C01430,2025-01-24,30
C01431,2025-04-29,30
C01432,2025-04-06,69
C01433,2025-03-19,190
C01434,2025-03-16,117
C01435,2025-11-28,115
C01436,2025-03-17,300
C01437,2025-10-10,309
C01438,2025-10-17,322
C01439,2025-05-02,93
C01440,2025-06-09,200
C01441,2025-11-24,83
C01442,2025-08-26,63
C01443,2025-11-13,62
C01444,2025-04-06,100
C01445,2025-10-03,122
C01446,2025-06-08,264
C01447,2025-10-02,45
C01448,2025-07-11,217
C01449,2025-05-01,149
C01450,2025-11-30,87
C01451,2025-06-26,139
C01452,2025-04-20,90
C01453,2025-03-09,168
C01454,2025-08-05,123
C01455,2025-09-05,57
C01456,2025-01-08,44
C01457,2025-09-26,153
C01458,2025-08-27,316
C01459,2025-03-11,101
C01460,2025-08-20,216
C01461,2025-01-14,188
C01462,2025-08-02,347
C01463,2025-11-04,258
C01464,2025-07-19,159
C01465,2025-05-22,188
C01466,2025-04-21,312
C01467,2025-01-05,114
C01468,2025-06-16,97
C01469,2025-11-24,30
C01470,2025-10-24,261
C01471,2025-11-08,247
C01472,2025-03-17,41
C01473,2025-04-21,162
C01474,2025-08-01,131
C01475,2025-10-26,45
C01476,2025-01-09,365
C01477,2025-03-27,69
C01478,2025-06-10,30
C01479,2025-09-04,168
C01480,2025-10-27,219
C01481,2025-01-21,30
C01482,2025-06-10,188
C01483,2025-02-22,149
C01484,2025-09-13,41
C01485,2025-08-11,59
C01486,2025-10-24,160
C01487,2025-02-05,89
C01488,2025-04-23,356
C01489,2025-01-19,257
C01490,2025-08-10,365
C01491,2025-05-31,80
C01492,2025-01-14,365
C01493,2025-10-08,122
C01494,2025-10-24,102
C01495,2025-10-24,30
C01496,2025-04-10,30
C01497,2025-02-17,200
C01498,2025-03-16,129
C01499,2025-05-01,72
C01500,2025-07-09,174
C01501,2025-06-18,79
C01502,2025-09-02,163
C01503,2025-10-05,104
C01504,2025-10-05,259
C01505,2025-02-02,258
C01506,2025-06-17,134
C01507,2025-03-09,102
C01508,2025-10-19,105
C01509,2025-06-05,250
C01510,2025-06-16,97
C01511,2025-05-26,68
C01512,2025-07-01,35
C01513,2025-05-29,132
C01514,2025-11-26,136
C01515,2025-07-23,270
C01516,2025-04-12,71
C01517,2025-10-19,110
C01518,2025-01-23,251
C01519,2025-03-29,259
C01520,2025-11-02,111
C01521,2025-11-10,130
C01522,2025-06-26,91
C01523,2025-06-28,348
C01524,2025-10-25,45
C01525,2025-09-12,350
C01526,2025-03-20,197
C01527,2025-05-11,149
C01528,2025-09-17,30
C01529,2025-11-21,134
C01530,2025-02-11,116
C01531,2025-04-23,56
C01532,2025-11-20,188
C01533,2025-10-18,365
C01534,2025-07-01,158
C01535,2025-08-12,209
C01536,2025-04-14,30
C01537,2025-11-16,119
C01538,2025-04-24,44
C01539,2025-05-29,173
C01540,2025-06-23,356
C01541,2025-01-11,189
C01542,2025-09-20,33
C01543,2025-04-14,103
C01544,2025-04-23,155
C01545,2025-01-18,115
C01546,2025-10-04,265
C01547,2025-01-02,254
C01548,2025-04-25,173
C01549,2025-10-27,108
C01550,2025-02-28,79
C01551,2025-05-21,41
C01552,2025-04-05,103
C01553,2025-01-13,118
C01554,2025-04-28,194
C01555,2025-05-25,188
C01556,2025-11-16,31
C01557,2025-11-21,113
C01558,2025-05-24,61
C01559,2025-11-11,55
C01560,2025-08-05,262
C01561,2025-05-07,30
C01562,2025-01-31,119
C01563,2025-03-08,58
C01564,2025-05-25,296
C01565,2025-06-11,156
C01566,2025-02-21,73
C01567,2025-05-13,141
C01568,2025-06-22,216
C01569,2025-03-27,365
C01570,2025-04-20,71
C01571,2025-11-26,301
C01572,2025-11-04,350
C01573,2025-10-31,329
C01574,2025-07-22,181
C01575,2025-09-15,179
C01576,2025-10-06,115
C01577,2025-11-07,224
C01578,2025-04-21,149
C01579,2025-02-21,195
C01580,2025-11-29,122
C01581,2025-08-26,216
C01582,2025-10-25,260
C01583,2025-03-07,52
C01584,2025-02-21,265
C01585,2025-06-29,152
C01586,2025-09-19,272
C01587,2025-02-18,122
C01588,2025-07-26,109
C01589,2025-06-11,328
C01590,2025-09-10,78
C01591,2025-11-11,272
C01592,2025-11-06,136
C01593,2025-05-22,144
C01594,2025-04-11,92
C01595,2025-09-02,161
C01596,2025-11-12,96
C01597,2025-02-03,30
C01598,2025-09-10,83
C01599,2025-03-16,30
C01600,2025-07-09,365
C01601,2025-03-21,365
C01602,2025-10-06,113
C01603,2025-11-18,214
C01604,2025-06-24,101
C01605,2025-06-23,193
C01606,2025-01-17,250
C01607,2025-02-25,365
C01608,2025-02-26,115
C01609,2025-11-21,238
C01610,2025-03-04,82
C01611,2025-03-07,365
C01612,2025-05-09,30
C01613,2025-11-06,170
C01614,2025-09-22,189
C01615,2025-10-04,199
C01616,2025-07-11,45
C01617,2025-09-01,356
C01618,2025-01-28,61
C01619,2025-11-25,176
C01620,2025-09-15,71
C01621,2025-11-06,92
C01622,2025-06-12,153
C01623,2025-10-14,119
C01624,2025-05-18,56
C01625,2025-06-05,58
C01626,2025-11-09,119
C01627,2025-01-21,226
C01628,2025-10-18,312
C01629,2025-11-18,35
C01630,2025-07-03,113
C01631,2025-04-25,40
C01632,2025-05-11,30
C01633,2025-03-05,189
C01634,2025-04-11,170
C01635,2025-04-19,56
C01636,2025-11-24,74
C01637,2025-06-20,30
C01638,2025-01-18,266
C01639,2025-05-03,365
C01640,2025-08-08,49
C01641,2025-09-22,73
C01642,2025-09-30,288
C01643,2025-05-12,341
C01644,2025-05-08,119
C01645,2025-09-22,30
C01646,2025-03-01,30
C01647,2025-03-04,161
C01648,2025-01-17,113
C01649,2025-08-30,30
C01650,2025-06-20,164
C01651,2025-11-01,30
C01652,2025-11-22,240
C01653,2025-02-05,92
C01654,2025-04-30,30
C01655,2025-02-17,166
C01656,2025-08-23,114
C01657,2025-03-11,365
C01658,2025-05-03,153
C01659,2025-06-07,84
C01660,2025-09-06,207
C01661,2025-10-23,83
C01662,2025-09-18,317
C01663,2025-10-18,108
C01664,2025-06-26,154
C01665,2025-09-14,30
C01666,2025-01-27,121
C01667,2025-09-08,264
C01668,2025-09-02,250
C01669,2025-07-08,72
C01670,2025-06-25,72
C01671,2025-05-15,256
C01672,2025-04-05,345
C01673,2025-12-01,38
C01674,2025-04-22,127
C01675,2025-02-17,99
C01676,2025-04-14,290
C01677,2025-09-17,35
C01678,2025-08-09,68
C01679,2025-07-02,224
C01680,2025-08-22,30
C01681,2025-05-23,138
C01682,2025-06-20,125
C01683,2025-09-04,98
C01684,2025-06-12,113
C01685,2025-08-03,149
C01686,2025-07-13,56
C01687,2025-08-19,161
C01688,2025-02-01,250
C01689,2025-01-20,228
C01690,2025-08-02,54
C01691,2025-11-24,53
C01692,2025-03-16,82
C01693,2025-09-21,105
C01694,2025-04-24,117
C01695,2025-10-23,196
C01696,2025-05-13,30
C01697,2025-03-14,30
C01698,2025-01-09,113
C01699,2025-06-08,202
C01700,2025-01-19,64
C01701,2025-09-10,183
C01702,2025-01-19,80
C01703,2025-08-14,301
C01704,2025-03-27,310
C01705,2025-11-26,89
C01706,2025-09-10,73
C01707,2025-05-09,117
C01708,2025-01-23,76
C01709,2025-11-11,193
C01710,2025-11-30,261
C01711,2025-07-29,193
C01712,2025-02-09,260
C01713,2025-05-29,114
C01714,2025-11-19,55
C01715,2025-11-21,218
C01716,2025-09-07,105
C01717,2025-11-21,193
C01718,2025-11-08,83
C01719,2025-02-05,34
C01720,2025-04-04,365
C01721,2025-08-03,55
C01722,2025-07-09,365
C01723,2025-10-09,365
C01724,2025-04-09,244
C01725,2025-06-13,189
C01726,2025-04-26,163
C01727,2025-08-06,286
C01728,2025-01-28,87
C01729,2025-06-03,132
C01730,2025-02-18,175
C01731,2025-01-30,117
C01732,2025-02-06,121
C01733,2025-09-12,97
C01734,2025-05-06,159
C01735,2025-07-06,276
C01736,2025-10-27,66
C01737,2025-01-25,351
C01738,2025-10-05,199
C01739,2025-07-25,259
C01740,2025-05-15,156
C01741,2025-04-04,237
C01742,2025-10-29,30
C01743,2025-09-01,256
C01744,2025-05-10,30
C01745,2025-01-05,305
C01746,2025-02-01,365
C01747,2025-05-04,89
C01748,2025-06-27,68
C01749,2025-11-09,230
C01750,2025-02-13,79
C01751,2025-11-29,286
C01752,2025-04-27,40
C01753,2025-11-13,47
C01754,2025-07-04,365
C01755,2025-10-14,194
C01756,2025-06-09,273
C01757,2025-08-29,96
C01758,2025-08-20,195
C01759,2025-03-28,168
C01760,2025-08-08,170
C01761,2025-04-19,197
C01762,2025-09-28,162
C01763,2025-01-02,122
C01764,2025-03-16,84
C01765,2025-02-11,232
C01766,2025-04-04,72
C01767,2025-05-31,200
C01768,2025-04-01,74
C01769,2025-07-31,177
C01770,2025-03-10,222
C01771,2025-07-25,70
C01772,2025-04-10,30
C01773,2025-11-15,48
C01774,2025-10-24,171
C01775,2025-11-12,275
C01776,2025-04-22,30
C01777,2025-02-24,217
C01778,2025-11-25,100
C01779,2025-08-25,135
C01780,2025-04-07,344
C01781,2025-09-07,98
C01782,2025-02-08,131
C01783,2025-11-19,30
C01784,2025-01-03,34
C01785,2025-12-01,80
C01786,2025-02-13,30
C01787,2025-01-12,179
C01788,2025-10-23,121
C01789,2025-01-19,154
C01790,2025-01-21,59
C01791,2025-08-14,89
C01792,2025-11-19,190
C01793,2025-04-16,365
C01794,2025-09-10,30
C01795,2025-07-26,305
C01796,2025-04-16,162
C01797,2025-01-11,158
C01798,2025-07-11,141
C01799,2025-11-05,31
C01800,2025-09-28,37
C01801,2025-06-23,170
C01802,2025-04-18,100
C01803,2025-03-17,330
C01804,2025-06-22,116
C01805,2025-02-05,51
C01806,2025-02-03,209
C01807,2025-02-19,88
C01808,2025-11-23,147
C01809,2025-05-22,202
C01810,2025-08-07,314
C01811,2025-03-08,243
C01812,2025-09-14,195
C01813,2025-09-01,196
C01814,2025-03-12,365
C01815,2025-01-05,89
C01816,2025-03-21,30
C01817,2025-07-23,83
C01818,2025-03-02,70
C01819,2025-03-14,189
C01820,2025-06-15,180
C01821,2025-12-02,167
C01822,2025-01-24,30
C01823,2025-09-30,214
C01824,2025-02-22,96
C01825,2025-08-04,191
C01826,2025-08-18,156
C01827,2025-06-11,100
C01828,2025-05-13,49
C01829,2025-06-21,38
C01830,2025-02-01,264
C01831,2025-08-05,332
C01832,2025-10-20,185
C01833,2025-01-25,41
C01834,2025-06-30,115
C01835,2025-05-10,214
C01836,2025-08-17,237
C01837,2025-03-27,45
C01838,2025-01-03,30
C01839,2025-07-26,208
C01840,2025-02-13,104
C01841,2025-11-13,79
C01842,2025-02-24,30
C01843,2025-02-21,152
C01844,2025-12-02,276
C01845,2025-08-06,365
C01846,2025-10-29,159
C01847,2025-05-19,144
C01848,2025-04-02,35
C01849,2025-10-05,154
C01850,2025-01-12,110
C01851,2025-06-25,172
C01852,2025-06-07,112
C01853,2025-05-11,76
C01854,2025-11-21,38
C01855,2025-03-02,94
C01856,2025-06-05,39
C01857,2025-04-05,60
C01858,2025-05-01,365
C01859,2025-03-27,126
C01860,2025-02-07,149
C01861,2025-07-30,292
C01862,2025-04-30,365
C01863,2025-01-31,164
C01864,2025-02-21,253
C01865,2025-06-01,97
C01866,2025-10-25,91
C01867,2025-04-24,115
C01868,2025-06-02,193
C01869,2025-06-08,197
C01870,2025-02-12,94
C01871,2025-07-05,49
C01872,2025-07-30,180
C01873,2025-02-05,47
C01874,2025-01-29,163
C01875,2025-04-13,201
C01876,2025-11-25,203
C01877,2025-07-27,225
C01878,2025-03-14,291
C01879,2025-06-29,140
C01880,2025-11-28,215
C01881,2025-09-08,175
C01882,2025-06-11,62
C01883,2025-02-16,30
C01884,2025-05-24,86
C01885,2025-01-26,125
C01886,2025-08-06,175
C01887,2025-04-29,275
C01888,2025-08-11,65
C01889,2025-07-11,47
C01890,2025-11-07,365
C01891,2025-07-20,42
C01892,2025-02-03,135
C01893,2025-04-15,165
C01894,2025-09-18,152
C01895,2025-01-09,36
C01896,2025-02-04,30
C01897,2025-02-17,41
C01898,2025-12-02,165
C01899,2025-07-09,153
C01900,2025-02-19,74
C01901,2025-07-14,181
C01902,2025-10-11,257
C01903,2025-02-02,30
C01904,2025-09-25,140
C01905,2025-09-04,199
C01906,2025-04-27,79
C01907,2025-05-25,92
C01908,2025-10-01,174
C01909,2025-09-21,312
C01910,2025-06-25,252
C01911,2025-06-17,164
C01912,2025-09-05,215
C01913,2025-06-10,106
C01914,2025-03-09,182
C01915,2025-09-21,131
C01916,2025-04-02,63
C01917,2025-09-17,204
C01918,2025-06-27,156
C01919,2025-01-13,104
C01920,2025-08-27,324
C01921,2025-08-23,30
C01922,2025-07-24,94
C01923,2025-08-23,30
C01924,2025-11-14,231
C01925,2025-09-12,204
C01926,2025-02-27,98
C01927,2025-01-06,194
C01928,2025-07-27,114
C01929,2025-01-27,226
C01930,2025-09-05,128
C01931,2025-05-04,118
C01932,2025-07-13,351
C01933,2025-09-29,78
C01934,2025-09-18,45
C01935,2025-05-18,165
C01936,2025-07-13,365
C01937,2025-01-21,109
C01938,2025-09-01,30
C01939,2025-02-01,100
C01940,2025-04-23,142
C01941,2025-02-15,56
C01942,2025-08-23,188
C01943,2025-03-11,365
C01944,2025-08-15,128
C01945,2025-01-07,103
C01946,2025-03-13,115
C01947,2025-11-30,44
C01948,2025-09-09,299
C01949,2025-02-24,118
C01950,2025-01-09,111
C01951,2025-02-02,189
C01952,2025-08-08,125
C01953,2025-04-26,185
C01954,2025-07-02,30
C01955,2025-07-03,254
C01956,2025-11-21,359
C01957,2025-07-23,185
C01958,2025-02-02,365
C01959,2025-02-13,53
C01960,2025-02-06,134
C01961,2025-04-19,170
C01962,2025-03-07,164
C01963,2025-10-21,115
C01964,2025-01-11,99
C01965,2025-02-04,47
C01966,2025-11-12,112
C01967,2025-08-18,56
C01968,2025-02-03,217
C01969,2025-08-08,68
C01970,2025-08-01,30
C01971,2025-02-25,155
C01972,2025-02-14,168
C01973,2025-05-14,290
C01974,2025-10-13,162
C01975,2025-03-07,101
C01976,2025-01-13,248
C01977,2025-03-01,152
C01978,2025-07-15,34
C01979,2025-03-03,159
C01980,2025-02-16,321
C01981,2025-01-03,114
C01982,2025-10-12,89
C01983,2025-11-06,51
C01984,2025-06-29,53
C01985,2025-04-08,123
C01986,2025-06-30,168
C01987,2025-02-15,34
C01988,2025-07-20,358
C01989,2025-07-12,226
C01990,2025-08-19,165
C01991,2025-06-28,262
C01992,2025-07-10,34
C01993,2025-12-01,134
C01994,2025-09-17,179
C01995,2025-07-24,262
C01996,2025-09-04,239
C01997,2025-03-15,84
C01998,2025-08-17,359
C01999,2025-09-20,46
C02000,2025-10-25,293
C02001,2025-06-27,365
C02002,2025-09-23,60
C02003,2025-01-25,212
C02004,2025-04-06,30
C02005,2025-02-08,116
C02006,2025-10-28,145
C02007,2025-09-10,163
C02008,2025-03-15,353
C02009,2025-01-27,193
C02010,2025-06-14,135
C02011,2025-06-13,252
C02012,2025-10-17,365
C02013,2025-07-15,30
C02014,2025-08-07,365
C02015,2025-03-01,36
C02016,2025-05-03,254
C02017,2025-04-27,85
C02018,2025-11-07,48
C02019,2025-11-24,125
C02020,2025-03-07,183
C02021,2025-11-23,110
C02022,2025-08-04,30
C02023,2025-07-31,169
C02024,2025-06-16,316
C02025,2025-09-22,110
C02026,2025-07-04,70
C02027,2025-05-09,125
C02028,2025-10-15,30
C02029,2025-07-02,258
C02030,2025-02-13,261
C02031,2025-09-26,166
C02032,2025-10-14,103
C02033,2025-07-04,247
C02034,2025-11-14,156
C02035,2025-08-25,261
C02036,2025-10-04,179
C02037,2025-06-19,239
C02038,2025-05-15,169
C02039,2025-07-10,118
C02040,2025-06-22,365
C02041,2025-04-05,152
C02042,2025-09-25,171
C02043,2025-06-11,71
C02044,2025-10-15,177
C02045,2025-08-17,161
C02046,2025-04-21,62
C02047,2025-06-25,30
C02048,2025-08-06,171
C02049,2025-07-07,229
C02050,2025-07-06,147
C02051,2025-02-13,72
C02052,2025-07-13,191
C02053,2025-06-26,34
C02054,2025-11-22,125
C02055,2025-07-18,57
C02056,2025-09-16,62
C02057,2025-09-17,66
C02058,2025-03-24,111
C02059,2025-03-20,30
C02060,2025-01-17,114
C02061,2025-02-15,144
C02062,2025-03-15,136
C02063,2025-09-09,110
C02064,2025-07-10,269
C02065,2025-01-14,52
C02066,2025-10-22,142
C02067,2025-07-31,30
C02068,2025-06-19,31
C02069,2025-04-06,161
C02070,2025-02-26,159
C02071,2025-05-29,295
C02072,2025-02-04,157
C02073,2025-11-14,365
C02074,2025-09-26,30
C02075,2025-04-29,39
C02076,2025-08-23,30
C02077,2025-10-22,62
C02078,2025-02-18,152
C02079,2025-06-19,184
C02080,2025-08-16,30
C02081,2025-10-28,365
C02082,2025-04-15,270
C02083,2025-04-18,89
C02084,2025-06-22,33
C02085,2025-09-21,58
C02086,2025-07-20,47
C02087,2025-09-24,46
C02088,2025-05-21,146
C02089,2025-03-09,77
C02090,2025-10-15,104
C02091,2025-01-21,365
C02092,2025-07-26,197
C02093,2025-11-28,365
C02094,2025-11-06,51
C02095,2025-06-26,110
C02096,2025-07-07,156
C02097,2025-03-14,33
C02098,2025-04-17,30
C02099,2025-05-17,192
C02100,2025-10-14,183
C02101,2025-09-27,117
C02102,2025-02-06,138
C02103,2025-10-06,118
C02104,2025-03-19,30
C02105,2025-01-11,99
C02106,2025-07-26,60
C02107,2025-05-02,39
C02108,2025-06-14,365
C02109,2025-03-20,169
C02110,2025-08-23,214
C02111,2025-05-08,94
C02112,2025-02-15,113
C02113,2025-02-20,75
C02114,2025-08-09,39
C02115,2025-03-14,60
C02116,2025-07-06,245
C02117,2025-02-06,195
C02118,2025-10-28,154
C02119,2025-01-04,134
C02120,2025-02-19,336
C02121,2025-02-03,32
C02122,2025-01-26,85
C02123,2025-05-09,102
C02124,2025-08-19,238
C02125,2025-06-28,365
C02126,2025-08-04,76
C02127,2025-10-09,292
C02128,2025-11-21,263
C02129,2025-07-11,72
C02130,2025-07-20,114
C02131,2025-11-30,117
C02132,2025-07-12,365
C02133,2025-11-03,61
C02134,2025-04-10,246
C02135,2025-02-27,98
C02136,2025-08-10,215
C02137,2025-08-21,120
C02138,2025-08-07,163
C02139,2025-11-28,265
C02140,2025-03-30,249
C02141,2025-01-16,286
C02142,2025-08-04,30
C02143,2025-02-20,200
C02144,2025-07-07,50
C02145,2025-09-10,119
C02146,2025-04-16,154
C02147,2025-02-18,115
C02148,2025-06-25,146
C02149,2025-03-06,365
C02150,2025-10-26,49
C02151,2025-04-21,194
C02152,2025-07-14,114
C02153,2025-02-14,49
C02154,2025-07-05,55
C02155,2025-08-11,365
C02156,2025-04-10,296
C02157,2025-09-28,320
C02158,2025-03-20,365
C02159,2025-03-29,68
C02160,2025-01-06,104
C02161,2025-01-14,192
C02162,2025-06-06,136
C02163,2025-05-27,119
C02164,2025-07-02,104
C02165,2025-05-21,167
C02166,2025-01-26,162
C02167,2025-03-16,56
C02168,2025-07-13,133
C02169,2025-01-21,155
C02170,2025-08-24,160
C02171,2025-04-03,68
C02172,2025-11-21,220
C02173,2025-04-08,30
C02174,2025-10-15,103
C02175,2025-10-22,237
C02176,2025-06-20,158
C02177,2025-09-12,81
C02178,2025-02-15,201
C02179,2025-06-28,159
C02180,2025-05-01,245
C02181,2025-06-28,217
C02182,2025-07-22,172
C02183,2025-09-27,137
C02184,2025-11-26,49
C02185,2025-11-19,81
C02186,2025-09-21,119
C02187,2025-06-23,169
C02188,2025-09-28,144
C02189,2025-07-26,87
C02190,2025-05-11,30
C02191,2025-03-02,139
C02192,2025-03-22,87
C02193,2025-03-12,217
C02194,2025-11-08,30
C02195,2025-02-25,165
C02196,2025-03-25,360
C02197,2025-01-27,59
C02198,2025-02-17,133
C02199,2025-06-22,37
C02200,2025-08-30,177
C02201,2025-03-08,155
C02202,2025-01-16,116
C02203,2025-08-15,146
C02204,2025-01-27,310
C02205,2025-04-09,65
C02206,2025-11-08,30
C02207,2025-07-15,283
C02208,2025-08-08,162
C02209,2025-11-08,305
C02210,2025-09-15,168
C02211,2025-09-26,252
C02212,2025-06-13,122
C02213,2025-11-21,223
C02214,2025-02-18,326
C02215,2025-07-28,161
C02216,2025-08-29,61
C02217,2025-09-02,82
C02218,2025-07-15,65
C02219,2025-11-02,77
C02220,2025-01-03,92
C02221,2025-11-13,156
C02222,2025-07-10,166
C02223,2025-01-21,121
C02224,2025-06-26,174
C02225,2025-10-21,34
C02226,2025-03-24,36
C02227,2025-07-26,59
C02228,2025-10-04,145
C02229,2025-07-05,69
C02230,2025-02-19,86
C02231,2025-11-28,115
C02232,2025-03-12,253
C02233,2025-07-26,30
C02234,2025-03-11,185
C02235,2025-06-08,192
C02236,2025-03-25,246
C02237,2025-10-08,348
C02238,2025-09-11,30
C02239,2025-08-26,54
C02240,2025-07-07,301
C02241,2025-01-08,129
C02242,2025-06-30,159
C02243,2025-05-27,190
C02244,2025-03-15,196
C02245,2025-09-14,347
C02246,2025-03-26,365
C02247,2025-08-28,211
C02248,2025-03-18,87
C02249,2025-03-18,296
C02250,2025-08-22,30
C02251,2025-10-24,73
C02252,2025-03-05,311
C02253,2025-08-24,79
C02254,2025-01-29,71
C02255,2025-04-26,50
C02256,2025-01-29,281
C02257,2025-08-01,140
C02258,2025-04-16,194
C02259,2025-06-08,75
C02260,2025-10-01,227
C02261,2025-08-09,228
C02262,2025-05-26,93
C02263,2025-10-02,117
C02264,2025-03-22,68
C02265,2025-11-26,365
C02266,2025-07-01,184
C02267,2025-09-02,351
C02268,2025-11-19,91
C02269,2025-04-18,238
C02270,2025-09-08,230
C02271,2025-07-23,200
C02272,2025-06-03,365
C02273,2025-10-02,113
C02274,2025-04-28,48
C02275,2025-04-01,193
C02276,2025-04-17,215
C02277,2025-09-15,162
C02278,2025-07-07,67
C02279,2025-07-18,142
C02280,2025-01-23,93
C02281,2025-09-29,121
C02282,2025-11-20,184
C02283,2025-05-04,221
C02284,2025-04-05,74
C02285,2025-05-04,116
C02286,2025-06-05,83
C02287,2025-06-13,65
C02288,2025-06-26,238
C02289,2025-06-22,322
C02290,2025-05-29,107
C02291,2025-05-26,224
C02292,2025-01-29,311
C02293,2025-03-22,273
C02294,2025-06-03,61
C02295,2025-08-08,365
C02296,2025-02-24,109
C02297,2025-05-21,100
C02298,2025-10-30,30
C02299,2025-10-12,137
C02300,2025-08-13,42
C02301,2025-03-26,78
C02302,2025-09-12,94
C02303,2025-04-15,251
C02304,2025-04-20,293
C02305,2025-04-14,91
C02306,2025-04-26,281
C02307,2025-10-22,280
C02308,2025-11-12,230
C02309,2025-10-22,52
C02310,2025-08-12,200
C02311,2025-08-20,365
C02312,2025-05-25,197
C02313,2025-11-16,98
C02314,2025-08-05,141
C02315,2025-07-27,184
C02316,2025-07-26,143
C02317,2025-10-04,45
C02318,2025-10-16,93
C02319,2025-11-04,248
C02320,2025-08-28,283
C02321,2025-11-23,50
C02322,2025-04-05,365
C02323,2025-01-23,97
C02324,2025-04-15,190
C02325,2025-03-01,224
C02326,2025-02-22,253
C02327,2025-05-14,365
C02328,2025-03-31,93
C02329,2025-02-16,281
C02330,2025-03-14,48
C02331,2025-05-03,205
C02332,2025-05-17,220
C02333,2025-09-15,195
C02334,2025-06-13,79
C02335,2025-09-25,291
C02336,2025-09-07,58
C02337,2025-08-24,30
C02338,2025-11-25,210
C02339,2025-01-04,134
C02340,2025-05-17,275
C02341,2025-09-07,110
C02342,2025-10-21,58
C02343,2025-08-16,267
C02344,2025-07-04,154
C02345,2025-11-16,63
C02346,2025-07-23,211
C02347,2025-07-08,144
C02348,2025-03-01,171
C02349,2025-04-15,130
C02350,2025-01-23,262
C02351,2025-04-19,263
C02352,2025-07-17,207
C02353,2025-05-06,41
C02354,2025-11-05,268
C02355,2025-10-13,193
C02356,2025-03-17,202
C02357,2025-03-17,105
C02358,2025-11-25,296
C02359,2025-01-17,213
C02360,2025-07-18,43
C02361,2025-10-26,116
C02362,2025-08-14,302
C02363,2025-04-27,30
C02364,2025-04-24,365
C02365,2025-07-20,196
C02366,2025-03-22,179
C02367,2025-01-08,83
C02368,2025-10-15,78
C02369,2025-02-14,361
C02370,2025-01-13,90
C02371,2025-09-16,235
C02372,2025-08-20,113
C02373,2025-06-17,50
C02374,2025-04-30,30
C02375,2025-08-06,153
C02376,2025-05-27,365
C02377,2025-03-23,107
C02378,2025-03-12,104
C02379,2025-07-07,101
C02380,2025-06-22,146
C02381,2025-07-16,125
C02382,2025-03-20,297
C02383,2025-03-09,142
C02384,2025-06-05,143
C02385,2025-06-26,50
C02386,2025-02-18,365
C02387,2025-02-18,78
C02388,2025-04-21,32
C02389,2025-11-22,190
C02390,2025-11-23,168
C02391,2025-03-07,118
C02392,2025-03-05,120
C02393,2025-06-03,239
C02394,2025-07-03,65
C02395,2025-01-22,258
C02396,2025-01-03,185
C02397,2025-08-01,119
C02398,2025-08-11,129
C02399,2025-02-28,80
C02400,2025-05-04,224
C02401,2025-06-14,144
C02402,2025-02-18,95
C02403,2025-06-12,168
C02404,2025-08-12,365
C02405,2025-08-03,123
C02406,2025-11-01,334
C02407,2025-04-25,101
C02408,2025-08-06,30
C02409,2025-10-25,67
C02410,2025-03-10,119
C02411,2025-04-14,71
C02412,2025-11-15,30
C02413,2025-07-07,328
C02414,2025-07-07,271
C02415,2025-07-30,220
C02416,2025-02-04,58
C02417,2025-04-09,45
C02418,2025-07-21,30
C02419,2025-07-05,213
C02420,2025-04-11,344
C02421,2025-04-23,122
C02422,2025-05-14,45
C02423,2025-03-22,144
C02424,2025-09-08,102
C02425,2025-07-06,108
C02426,2025-04-12,176
C02427,2025-11-11,210
C02428,2025-02-21,43
C02429,2025-03-09,30
C02430,2025-03-20,365
C02431,2025-11-04,74
C02432,2025-05-04,30
C02433,2025-02-23,63
C02434,2025-10-14,30
C02435,2025-08-30,112
C02436,2025-09-06,248
C02437,2025-10-20,100
C02438,2025-02-28,126
C02439,2025-06-15,194
C02440,2025-05-28,143
C02441,2025-06-02,283
C02442,2025-11-30,286
C02443,2025-05-26,30
C02444,2025-08-07,236
C02445,2025-11-14,130
C02446,2025-11-10,365
C02447,2025-11-03,136
C02448,2025-02-11,365
C02449,2025-08-17,225
C02450,2025-02-25,78
C02451,2025-07-28,151
C02452,2025-04-18,365
C02453,2025-08-14,280
C02454,2025-07-20,39
C02455,2025-05-31,206
C02456,2025-07-12,101
C02457,2025-09-22,30
C02458,2025-07-27,115
C02459,2025-03-17,74
C02460,2025-11-30,257
C02461,2025-08-21,99
C02462,2025-04-23,262
C02463,2025-01-17,30
C02464,2025-11-23,92
C02465,2025-02-04,76
C02466,2025-04-16,74
C02467,2025-04-28,30
C02468,2025-09-28,63
C02469,2025-08-13,156
C02470,2025-11-20,88
C02471,2025-09-08,119
C02472,2025-04-13,109
C02473,2025-09-04,293
C02474,2025-01-23,318
C02475,2025-10-10,139
C02476,2025-11-21,97
C02477,2025-05-08,42
C02478,2025-11-19,365
C02479,2025-08-04,30
C02480,2025-11-13,89
C02481,2025-09-19,90
C02482,2025-04-04,95
C02483,2025-04-24,57
C02484,2025-09-24,238
C02485,2025-01-25,46
C02486,2025-05-06,180
C02487,2025-08-24,46
C02488,2025-05-31,31
C02489,2025-07-24,322
C02490,2025-08-14,63
C02491,2025-07-24,258
C02492,2025-11-13,153
C02493,2025-11-09,33
C02494,2025-04-20,365
C02495,2025-07-02,77
C02496,2025-02-13,282
C02497,2025-04-17,58
C02498,2025-01-27,278
C02499,2025-05-15,30
C02500,2025-10-26,144
C02501,2025-03-18,232
C02502,2025-05-29,351
C02503,2025-10-07,322
C02504,2025-11-13,257
C02505,2025-03-05,303
C02506,2025-08-06,66
C02507,2025-09-23,86
C02508,2025-11-29,87
C02509,2025-04-26,109
C02510,2025-11-19,113
C02511,2025-11-30,153
C02512,2025-05-01,56
C02513,2025-04-18,200
C02514,2025-05-31,58
C02515,2025-10-09,93
C02516,2025-03-24,141
C02517,2025-11-09,245
C02518,2025-06-24,219
C02519,2025-06-28,184
C02520,2025-09-12,55
C02521,2025-06-27,154
C02522,2025-05-29,36
C02523,2025-10-04,109
C02524,2025-02-01,118
C02525,2025-01-18,30
C02526,2025-05-06,84
C02527,2025-07-04,365
C02528,2025-08-16,365
C02529,2025-09-18,103
C02530,2025-11-03,30
C02531,2025-01-23,61
C02532,2025-08-08,113
C02533,2025-05-25,365
C02534,2025-11-14,51
C02535,2025-06-13,229
C02536,2025-04-19,42
C02537,2025-06-03,365
C02538,2025-08-12,110
C02539,2025-06-03,235
C02540,2025-07-10,100
C02541,2025-01-18,178
C02542,2025-08-09,64
C02543,2025-08-12,52
C02544,2025-03-27,356
C02545,2025-03-27,331
C02546,2025-02-03,303
C02547,2025-01-24,177
C02548,2025-08-07,251
C02549,2025-02-05,31
C02550,2025-06-25,98
C02551,2025-05-19,93
C02552,2025-03-18,181
C02553,2025-07-08,104
C02554,2025-04-07,53
C02555,2025-10-17,168
C02556,2025-05-19,254
C02557,2025-10-17,110
C02558,2025-09-16,48
C02559,2025-08-01,65
C02560,2025-09-19,75
C02561,2025-07-19,90
C02562,2025-09-04,183
C02563,2025-01-12,170
C02564,2025-10-03,202
C02565,2025-07-18,105
C02566,2025-10-14,260
C02567,2025-03-19,67
C02568,2025-08-18,132
C02569,2025-08-12,247
C02570,2025-03-24,61
C02571,2025-08-07,42
C02572,2025-05-19,299
C02573,2025-10-13,100
C02574,2025-04-02,197
C02575,2025-10-29,30
C02576,2025-02-04,200
C02577,2025-09-25,94
C02578,2025-01-17,30
C02579,2025-10-15,172
C02580,2025-09-20,76
C02581,2025-05-25,111
C02582,2025-03-17,34
C02583,2025-09-24,52
C02584,2025-09-04,90
C02585,2025-03-18,37
C02586,2025-07-30,324
C02587,2025-04-16,30
C02588,2025-02-11,136
C02589,2025-07-27,46
C02590,2025-02-26,92
C02591,2025-01-24,340
C02592,2025-08-25,56
C02593,2025-01-11,365
C02594,2025-02-09,67
C02595,2025-06-04,220
C02596,2025-06-12,153
C02597,2025-01-21,300
C02598,2025-05-29,156
C02599,2025-10-07,150
C02600,2025-11-02,65
C02601,2025-09-10,57
C02602,2025-07-04,330
C02603,2025-10-28,97
C02604,2025-05-04,108
C02605,2025-08-19,228
C02606,2025-04-27,99
C02607,2025-06-23,365
C02608,2025-04-27,218
C02609,2025-03-08,169
C02610,2025-08-05,297
C02611,2025-06-04,30
C02612,2025-08-19,80
C02613,2025-04-30,131
C02614,2025-05-12,72
C02615,2025-09-24,221
C02616,2025-10-20,332
C02617,2025-01-08,121
C02618,2025-02-05,100
C02619,2025-04-19,365
C02620,2025-06-02,126
C02621,2025-08-18,138
C02622,2025-09-10,103
C02623,2025-03-28,322
C02624,2025-11-12,160
C02625,2025-05-21,229
C02626,2025-06-08,253
C02627,2025-11-26,100
C02628,2025-09-24,123
C02629,2025-07-29,274
C02630,2025-06-26,105
C02631,2025-03-30,244
C02632,2025-05-14,360
C02633,2025-07-08,177
C02634,2025-07-13,220
C02635,2025-05-18,249
C02636,2025-07-02,272
C02637,2025-07-14,113
C02638,2025-01-24,30
C02639,2025-06-21,115
C02640,2025-01-23,194
C02641,2025-11-12,127
C02642,2025-09-12,223
C02643,2025-09-25,104
C02644,2025-07-25,180
C02645,2025-09-07,62
C02646,2025-04-29,223
C02647,2025-02-01,153
C02648,2025-06-25,67
C02649,2025-06-08,88
C02650,2025-08-08,223
C02651,2025-05-21,136
C02652,2025-01-10,70
C02653,2025-09-08,365
C02654,2025-02-17,209
C02655,2025-09-13,365
C02656,2025-07-04,121
C02657,2025-10-03,134
C02658,2025-10-03,312
C02659,2025-11-05,147
C02660,2025-10-21,206
C02661,2025-06-17,78
C02662,2025-09-08,126
C02663,2025-06-09,46
C02664,2025-11-16,67
C02665,2025-08-27,30
C02666,2025-05-19,30
C02667,2025-08-27,365
C02668,2025-09-29,76
C02669,2025-01-07,190
C02670,2025-11-28,269
C02671,2025-12-01,155
C02672,2025-11-11,54
C02673,2025-08-13,214
C02674,2025-10-07,169
C02675,2025-09-28,215
C02676,2025-01-07,232
C02677,2025-08-27,365
C02678,2025-07-12,161
C02679,2025-07-31,100
C02680,2025-06-19,185
C02681,2025-09-08,30
C02682,2025-09-18,311
C02683,2025-02-12,45
C02684,2025-10-05,97
C02685,2025-07-18,255
C02686,2025-08-26,168
C02687,2025-05-25,113
C02688,2025-04-04,133
C02689,2025-01-18,278
C02690,2025-10-15,100
C02691,2025-11-01,289
C02692,2025-03-01,36
C02693,2025-11-13,235
C02694,2025-07-02,274
C02695,2025-09-26,61
C02696,2025-05-03,122
C02697,2025-07-13,57
C02698,2025-04-15,206
C02699,2025-05-04,150
C02700,2025-09-15,181
C02701,2025-05-03,65
C02702,2025-08-09,69
C02703,2025-09-02,30
C02704,2025-03-08,95
C02705,2025-06-18,157
C02706,2025-10-06,281
C02707,2025-02-22,191
C02708,2025-11-07,123
C02709,2025-09-28,365
C02710,2025-03-30,211
C02711,2025-03-24,345
C02712,2025-10-20,148
C02713,2025-08-28,80
C02714,2025-10-22,30
C02715,2025-04-20,213
C02716,2025-03-16,46
C02717,2025-06-19,91
C02718,2025-02-27,149
C02719,2025-09-05,159
C02720,2025-06-08,169
C02721,2025-05-20,57
C02722,2025-01-30,109
C02723,2025-03-11,175
C02724,2025-03-10,365
C02725,2025-09-20,214
C02726,2025-11-25,336
C02727,2025-02-09,229
C02728,2025-06-22,167
C02729,2025-09-09,64
C02730,2025-09-22,191
C02731,2025-10-09,177
C02732,2025-10-17,170
C02733,2025-04-09,138
C02734,2025-08-21,148
C02735,2025-05-07,98
C02736,2025-10-22,146
C02737,2025-01-21,65
C02738,2025-03-10,249
C02739,2025-03-15,62
C02740,2025-03-19,35
C02741,2025-02-23,124
C02742,2025-08-11,188
C02743,2025-10-24,124
C02744,2025-04-27,84
C02745,2025-07-27,157
C02746,2025-11-25,101
C02747,2025-08-24,349
C02748,2025-06-10,336
C02749,2025-08-18,141
C02750,2025-08-24,97
C02751,2025-03-18,218
C02752,2025-04-01,30
C02753,2025-03-03,134
C02754,2025-11-01,99
C02755,2025-07-19,334
C02756,2025-11-21,30
C02757,2025-02-04,155
C02758,2025-11-17,219
C02759,2025-07-27,136
C02760,2025-10-01,35
C02761,2025-08-16,365
C02762,2025-11-12,145
C02763,2025-06-28,174
C02764,2025-03-09,75
C02765,2025-06-24,136
C02766,2025-03-18,122
C02767,2025-08-23,32
C02768,2025-04-24,41
C02769,2025-10-05,268
C02770,2025-03-31,75
C02771,2025-07-28,64
C02772,2025-02-23,142
C02773,2025-01-12,232
C02774,2025-11-08,30
C02775,2025-07-25,162
C02776,2025-05-21,45
C02777,2025-02-25,30
C02778,2025-07-02,30
C02779,2025-07-23,266
C02780,2025-04-20,45
C02781,2025-05-28,30
C02782,2025-03-13,124
C02783,2025-07-22,272
C02784,2025-05-06,81
C02785,2025-10-04,120
C02786,2025-05-04,30
C02787,2025-05-01,127
C02788,2025-04-21,163
C02789,2025-07-25,161
C02790,2025-09-18,98
C02791,2025-02-20,94
C02792,2025-03-01,42
C02793,2025-06-30,106
C02794,2025-03-30,40
C02795,2025-04-29,231
C02796,2025-05-27,365
C02797,2025-06-23,365
C02798,2025-06-06,286
C02799,2025-10-30,170
C02800,2025-10-23,204
C02801,2025-01-30,86
C02802,2025-01-23,179
C02803,2025-09-19,129
C02804,2025-02-27,136
C02805,2025-06-10,227
C02806,2025-07-06,86
C02807,2025-03-05,94
C02808,2025-01-12,339
C02809,2025-08-17,30
C02810,2025-07-17,137
C02811,2025-03-07,326
C02812,2025-02-17,173
C02813,2025-05-05,153
C02814,2025-03-06,78
C02815,2025-09-28,101
C02816,2025-03-30,277
C02817,2025-06-30,157
C02818,2025-10-17,145
C02819,2025-05-16,40
C02820,2025-07-08,30
C02821,2025-08-01,365
C02822,2025-12-02,109
C02823,2025-03-31,170
C02824,2025-07-28,34
C02825,2025-05-26,197
C02826,2025-09-27,348
C02827,2025-11-29,162
C02828,2025-02-03,47
C02829,2025-02-12,164
C02830,2025-07-13,231
C02831,2025-05-26,116
C02832,2025-11-12,296
C02833,2025-04-20,185
C02834,2025-01-24,313
C02835,2025-08-08,177
C02836,2025-02-04,48
C02837,2025-07-14,92
C02838,2025-10-25,66
C02839,2025-03-26,322
C02840,2025-01-04,228
C02841,2025-05-10,195
C02842,2025-05-07,90
C02843,2025-08-10,62
C02844,2025-04-22,226
C02845,2025-07-22,134
C02846,2025-03-27,72
C02847,2025-04-28,175
C02848,2025-09-03,30
C02849,2025-10-18,96
C02850,2025-10-26,132
C02851,2025-07-14,53
C02852,2025-08-25,365
C02853,2025-01-09,68
C02854,2025-05-27,48
C02855,2025-10-29,67
C02856,2025-07-09,232
C02857,2025-11-03,121
C02858,2025-01-03,159
C02859,2025-09-10,30
C02860,2025-02-25,30
C02861,2025-03-08,126
C02862,2025-07-02,256
C02863,2025-08-23,301
C02864,2025-05-02,36
C02865,2025-07-06,151
C02866,2025-09-11,326
C02867,2025-08-15,112
C02868,2025-03-03,263
C02869,2025-05-16,49
C02870,2025-02-22,352
C02871,2025-06-13,224
C02872,2025-01-10,360
C02873,2025-05-11,195
C02874,2025-10-01,105
C02875,2025-09-21,356
C02876,2025-03-27,84
C02877,2025-08-01,98
C02878,2025-08-04,204
C02879,2025-03-03,230
C02880,2025-08-05,344
C02881,2025-01-20,67
C02882,2025-06-22,246
C02883,2025-02-20,218
C02884,2025-03-13,30
C02885,2025-01-17,111
C02886,2025-06-25,86
C02887,2025-01-29,91
C02888,2025-09-05,365
C02889,2025-07-14,183
C02890,2025-05-14,210
C02891,2025-01-28,365
C02892,2025-04-20,109
C02893,2025-01-03,248
C02894,2025-04-25,123
C02895,2025-10-23,289
C02896,2025-05-21,61
C02897,2025-09-26,365
C02898,2025-03-14,70
C02899,2025-12-01,96
C02900,2025-07-31,226
C02901,2025-08-15,113
C02902,2025-09-08,172
C02903,2025-08-05,126
C02904,2025-07-29,220
C02905,2025-03-23,73
C02906,2025-06-03,30
C02907,2025-11-17,90
C02908,2025-10-02,134
C02909,2025-06-28,58
C02910,2025-03-10,103
C02911,2025-10-29,115
C02912,2025-03-11,30
C02913,2025-09-30,164
C02914,2025-10-14,300
C02915,2025-03-23,54
C02916,2025-07-07,169
C02917,2025-01-12,190
C02918,2025-02-02,119
C02919,2025-03-02,204
C02920,2025-06-14,117
C02921,2025-05-16,142
C02922,2025-01-13,30
C02923,2025-10-29,200
C02924,2025-05-01,189
C02925,2025-09-29,30
C02926,2025-11-25,107
C02927,2025-02-05,365
C02928,2025-01-05,120
C02929,2025-09-18,141
C02930,2025-06-12,323
C02931,2025-10-17,210
C02932,2025-11-18,164
C02933,2025-07-09,246
C02934,2025-11-07,285
C02935,2025-01-29,129
C02936,2025-09-01,134
C02937,2025-04-15,111
C02938,2025-11-12,365
C02939,2025-01-30,202
C02940,2025-10-26,35
C02941,2025-03-02,284
C02942,2025-06-29,135
C02943,2025-06-07,30
C02944,2025-07-24,154
C02945,2025-01-26,119
C02946,2025-11-05,295
C02947,2025-03-18,67
C02948,2025-09-18,261
C02949,2025-09-27,157
C02950,2025-05-23,30
C02951,2025-06-24,365
C02952,2025-03-21,144
C02953,2025-09-22,88
C02954,2025-09-07,132
C02955,2025-03-16,281
C02956,2025-05-03,91
C02957,2025-07-03,64
C02958,2025-05-07,48
C02959,2025-10-03,90
C02960,2025-03-10,237
C02961,2025-03-16,133
C02962,2025-04-29,72
C02963,2025-02-23,57
C02964,2025-07-20,98
C02965,2025-09-01,358
C02966,2025-08-16,100
C02967,2025-04-06,365
C02968,2025-07-14,137
C02969,2025-02-15,61
C02970,2025-04-10,306
C02971,2025-01-25,130
C02972,2025-06-09,207
C02973,2025-07-15,365
C02974,2025-05-28,30
C02975,2025-10-15,39
C02976,2025-02-04,211
C02977,2025-05-27,86
C02978,2025-07-20,62
C02979,2025-10-21,30
C02980,2025-09-04,30
C02981,2025-02-11,234
C02982,2025-04-02,49
C02983,2025-05-25,132
C02984,2025-01-19,171
C02985,2025-08-19,122
C02986,2025-01-27,30
C02987,2025-04-14,239
C02988,2025-03-13,30
C02989,2025-10-27,229
C02990,2025-02-01,307
C02991,2025-10-23,123
C02992,2025-11-16,150
C02993,2025-03-01,134
C02994,2025-01-30,112
C02995,2025-10-05,303
C02996,2025-06-03,308
C02997,2025-10-23,99
C02998,2025-10-25,174
C02999,2025-05-25,341
